{
  "name": "combat-utility-belt",
  "title": "Combat Utility Belt Special Edition",
  "description": "Adds various combat-focused features",
  "version": "1.4.0",
  "author": "Evan Clarke [errational#2007]",
  "authors": [
    {
      "name": "Evan Clarke",
      "url": "https://patreon.com/deathsave",
      "discord": "errational#2007",
      "twitter": "@death_save_dev",
      "reddit": "u/etherboy12"
    }
  ],
  "minimumCoreVersion": "0.7.6",
  "compatibleCoreVersion": "0.7.9",
  "url": "https://raw.githubusercontent.com/geoidesic/combat-utility-belt",
  "bugs": "https://github.com/death-save/combat-utility-belt/issues",
  "readme": "https://github.com/death-save/combat-utility-belt/wiki",
  "manifest": "https://raw.githubusercontent.com/geoidesic/combat-utility-belt/award-xp-dialog/module.json",
  "download": "https://raw.githubusercontent.com/geoidesic/combat-utility-belt/award-xp-dialog/module.zip",
  "scripts": [
    "./library/typewriterjs/core.js", 
    "greensock/dist/gsap.min.js"
  ],
  "esmodules": [
    "./combat-utility-belt.js"
  ],
  "languages": [
    {
      "lang": "en",
      "name": "English",
      "path": "lang/en.json"
    },
    {
      "lang": "ja",
      "name": "日本語",
      "path": "lang/ja.json"
    },
    {
      "lang": "ko",
      "name": "한국어",
      "path": "lang/ko.json"
    },
    {
      "lang": "pt-BR",
      "name": "Português (Brasil)",
      "path": "lang/pt-BR.json"
    },
    {
      "lang": "es-ES",
      "name": "Castellano",
      "path": "lang/es-ES.json"
    },
    {
      "lang": "cn",
      "name": "中文",
      "path": "lang/cn.json"
    },
    {
      "lang": "de",
      "name": "Deutsch",
      "path": "lang/de.json"
    }
  ], 
  "packs": [
    {
      "name": "conditionsdnd5e",
      "label": "Conditions (D&D5e)",
      "system": "dnd5e",
      "module": "combat-utility-belt",
      "path": "./packs/conditionsdnd5e.db",
      "entity": "JournalEntry"
    },
    {
      "name": "conditionsarchmage",
      "label": "Conditions (13th Age)",
      "system": "archmage",
      "module": "combat-utility-belt",
      "path": "./packs/conditionsarchmage.db",
      "entity": "JournalEntry"
    }
  ],
  "styles" : [
    "./styles/combat-utility-belt.css"
  ],
  "media": [
    {
      "type": "video",
      "url": "https://www.youtube.com/watch?v=BRlWhbw0mbk"
    },
    {
      "type": "cover",
      "url": "https://user-images.githubusercontent.com/42503461/88756618-f949b900-d118-11ea-9a64-6599be2f3efa.png"
    }
  ]
}
