[
    {
        "name": "John O"
    },
    {
        "name": "Greg L"
    },
    {
        "name": "Cody R"
    },
    {
        "name": "4535992"
    },
    {
        "name": "Lazytron"
    },
    {
        "name": "Alessandro V"
    },
    {
        "name": "Little A"
    },
    {
        "name": "wmiller1000 ."
    },
    {
        "name": "Bernie F"
    },
    {
        "name": "Norc"
    },
    {
        "name": "Sybearian"
    },
    {
        "name": "Yicheng M"
    },
    {
        "name": "Tsulex X"
    },
    {
        "name": "Martin K"
    },
    {
        "name": "Duncan"
    },
    {
        "name": "Zondark"
    },
    {
        "name": "cesarvillavi"
    },
    {
        "name": "Sammy P"
    },
    {
        "name": "Kelevra"
    },
    {
        "name": "Gerry S"
    },
    {
        "name": "Mr E"
    },
    {
        "name": "Shawn M"
    },
    {
        "name": "TotalFusionOne"
    },
    {
        "name": "Leon"
    },
    {
        "name": "Andrés A"
    },
    {
        "name": "Alex B"
    },
    {
        "name": "Cody S"
    },
    {
        "name": "Apostol"
    },
    {
        "name": "Ms E"
    },
    {
        "name": "David B"
    },
    {
        "name": "Trevor s"
    },
    {
        "name": "David C"
    },
    {
        "name": "Youness A"
    },
    {
        "name": "Kyle R"
    },
    {
        "name": "jlew"
    },
    {
        "name": "Darshyne I"
    },
    {
        "name": "Kevin J"
    },
    {
        "name": "Saevar L"
    },
    {
        "name": "Thomas Z"
    },
    {
        "name": "Gene R"
    },
    {
        "name": "Jose R"
    },
    {
        "name": "Istvan S"
    },
    {
        "name": "Mark W"
    },
    {
        "name": "Shawn"
    },
    {
        "name": "tim p"
    }
]