{
    "system":"dnd5e",
    "map":[
        {
            "name":"Blinded", 
            "icon": "modules/combat-utility-belt/icons/blinded.svg",
            "referenceId": "@Compendium[dnd5e.rules.995mfaI3z7WtY7vK]",
            "referenceType": "compendium.journalEntry"
        },
        {
            "name":"Charmed",
            "icon": "modules/combat-utility-belt/icons/charmed.svg", 
            "referenceId": "@Compendium[dnd5e.rules.H8aTFVG3YFAkQ3TK]",
            "referenceType": "compendium.journalEntry"
        },
        {
            "name": "Concentrating",
            "icon": "modules/combat-utility-belt/icons/concentrating.svg",
            "referenceId": "@Compendium[combat-utility-belt.conditionsdnd5e.nSoKejZfahbxfggp]",
            "referenceType": "compendium.journalEntry"
        },
        {
            "name": "Deafened", 
            "icon": "modules/combat-utility-belt/icons/deafened.svg", 
            "referenceId" : "@Compendium[dnd5e.rules.XnDPIa0MLWhGvuQg]",
            "referenceType": "compendium.journalEntry"
        },
        {
            "name":"Exhaustion 1",
            "icon":"modules/combat-utility-belt/icons/exhaustion1.svg",
            "referenceId": "@Compendium[dnd5e.rules.apBZudO4UA1wj7aC]",
            "referenceType": "compendium.journalEntry"
        },
        {
            "name":"Exhaustion 2",
            "icon":"modules/combat-utility-belt/icons/exhaustion2.svg",
            "referenceId": "@Compendium[dnd5e.rules.apBZudO4UA1wj7aC]",
            "referenceType": "compendium.journalEntry"
        },
        {
            "name":"Exhaustion 3",
            "icon":"modules/combat-utility-belt/icons/exhaustion3.svg",
            "referenceId": "@Compendium[dnd5e.rules.apBZudO4UA1wj7aC]",
            "referenceType": "compendium.journalEntry"
        },
        {
            "name":"Exhaustion 4",
            "icon":"modules/combat-utility-belt/icons/exhaustion4.svg",
            "referenceId": "@Compendium[dnd5e.rules.apBZudO4UA1wj7aC]",
            "referenceType": "compendium.journalEntry"
        },
        {
            "name":"Exhaustion 5",
            "icon":"modules/combat-utility-belt/icons/exhaustion5.svg",
            "referenceId": "@Compendium[dnd5e.rules.apBZudO4UA1wj7aC]",
            "referenceType": "compendium.journalEntry"
        },
        {
            "name":"Frightened",
            "icon":"modules/combat-utility-belt/icons/frightened.svg",
            "referenceId": "@Compendium[dnd5e.rules.pAcHCDJBhybiVzMF]",
            "referenceType": "compendium.journalEntry"
        },
        {
            "name":"Grappled",
            "icon":"modules/combat-utility-belt/icons/grappled.svg",
            "referenceId": "@Compendium[dnd5e.rules.b4UvTt9P3As79cwm]",
            "referenceType": "compendium.journalEntry"
        },
        {
            "name":"Incapacitated",
            "icon":"modules/combat-utility-belt/icons/incapacitated.svg",
            "referenceId": "@Compendium[dnd5e.rules.tUYvSkhggFcMpVw5]",
            "referenceType": "compendium.journalEntry"
        },
        {
            "name":"Inspiration",
            "icon":"modules/combat-utility-belt/icons/inspiration.svg",
            "referenceId": "@Compendium[dnd5e.rules.nH479uePVw8HGkLD]",
            "referenceType": "compendium.journalEntry"
        },
        {
            "name":"Invisible",
            "icon":"modules/combat-utility-belt/icons/invisible.svg",
            "referenceId": "@Compendium[dnd5e.rules.hMWCeXenROGuhF1K]",
            "referenceType": "compendium.journalEntry"
        },
        {
            "name":"Paralyzed",
            "icon":"modules/combat-utility-belt/icons/paralyzed.svg",
            "referenceId": "@Compendium[dnd5e.rules.BJaVW22yVYe7dtzq]",
            "referenceType": "compendium.journalEntry"
        },
        {
            "name":"Petrified",
            "icon":"modules/combat-utility-belt/icons/petrified.svg",
            "referenceId": "@Compendium[dnd5e.rules.1XcKtGnKprqX6fa2]",
            "referenceType": "compendium.journalEntry"
        },
        {
            "name":"Poisoned",
            "icon":"modules/combat-utility-belt/icons/poisoned.svg",
            "referenceId": "@Compendium[dnd5e.rules.prcOUhkWEVppFVbg]",
            "referenceType": "compendium.journalEntry"
        },
        {
            "name":"Prone",
            "icon":"modules/combat-utility-belt/icons/prone.svg",
            "referenceId": "@Compendium[dnd5e.rules.ZkXz0qdkNBkKE6tN]",
            "referenceType": "compendium.journalEntry"
        },
        {
            "name":"Restrained",
            "icon":"modules/combat-utility-belt/icons/restrained.svg",
            "referenceId": "@Compendium[dnd5e.rules.QRKWz3p6v9Rl1Tzh]",
            "referenceType": "compendium.journalEntry"
        },
        {
            "name":"Stunned",
            "icon":"modules/combat-utility-belt/icons/stunned.svg",
            "referenceId": "@Compendium[dnd5e.rules.TiD5vnNql12Wh3Pn]",
            "referenceType": "compendium.journalEntry"
        },
        {
            "name":"Unconscious",
            "icon":"icons/svg/unconscious.svg",
            "referenceId": "@Compendium[dnd5e.rules.MOk1rkF0DeJlcC4l]",
            "referenceType": "compendium.journalEntry",
            "options": {
                "overlay": true
            }
        },
        {
            "name":"Injured",
            "icon":"icons/svg/blood.svg",
            "referenceId": "",
            "referenceType": "compendium.journalEntry"
        },
        {
            "name":"Dead",
            "icon":"icons/svg/skull.svg",
            "referenceId": "",
            "referenceType": "compendium.journalEntry",
            "options": {
                "overlay": true,
                "removeOthers": true,
                "markDefeated": true
            }
        },
        {
            "name":"Aid",
            "icon":"systems/dnd5e/icons/spells/heal-sky-1.jpg",
            "referenceId": "@Compendium[dnd5e.spells.Opwh2PdX4runSBlm]",
            "referenceType": "compendium.item"
        },
        {
            "name":"Bless",
            "icon":"systems/dnd5e/icons/spells/haste-sky-1.jpg",
            "referenceId": "@Compendium[dnd5e.spells.8dzaICjGy6mTUaUr]",
            "referenceType": "compendium.item"
        },
        {
            "name":"Bane",
            "icon":"systems/dnd5e/icons/spells/rip-magenta-2.jpg",
            "referenceId": "@Compendium[dnd5e.spells.95K2aUhAGV9qXjnf]",
            "referenceType": "compendium.item"
        },
        {
            "name":"Rage",
            "icon":"systems/dnd5e/icons/skills/red_10.jpg",
            "referenceId": "@Compendium[dnd5e.classfeatures.VoR0SUrNX5EJVPIO]",
            "referenceType": "compendium.item"
        },
        {
            "name":"Hex",
            "icon":"systems/dnd5e/icons/spells/evil-eye-eerie-1.jpg",
            "referenceId": "",
            "referenceType": "compendium.item"
        },
        {
            "name":"Hexblade's Curse",
            "icon":"systems/dnd5e/icons/spells/enchant-eerie-2.jpg",
            "referenceId": "",
            "referenceType": "compendium.item"
        },
        {
            "name":"Hunter's Mark",
            "icon":"systems/dnd5e/icons/spells/evil-eye-red-1.jpg",
            "referenceId": "@Compendium[dnd5e.spells.0xmXiPiuYws1OGcX]",
            "referenceType": "compendium.item"
        },
        {
            "name":"Bardic Inspiration",
            "icon":"systems/dnd5e/icons/skills/yellow_08.jpg",
            "referenceId": "@Compendium[dnd5e.classfeatures.EeGafsa17CapsH2j]",
            "referenceType": "compendium.item"
        },
        {
            "name":"Patient Defense",
            "icon":"systems/dnd5e/icons/skills/blue_18.jpg",
            "referenceId": "@Compendium[dnd5e.classfeatures.TDglPcxIVEzvVSgK]",
            "referenceType": "compendium.item"
        }
    ]
}